,country,year,"Fertility rate, total (births per woman)","GDP per capita, PPP (constant 2021 international $)","Life expectancy at birth, total (years)","Mortality rate, infant (per 1,000 live births)",Population density (people per sq. km of land area),Population growth (annual %),"Population, total",Poverty headcount ratio at national poverty lines (% of population),Rural population (% of total population),Urban population (% of total population),FarmCredit,ICTPolicy,ProductionValue,ProcessingValue,Fertilizer,Account (% age 15+),Account ownership at a financial institution or with a mobile-money-service provider (% of population ages 15+),"Account ownership at a financial institution or with a mobile-money-service provider, female (% of population ages 15+)","Account ownership at a financial institution or with a mobile-money-service provider, male (% of population ages 15+)","Account ownership at a financial institution or with a mobile-money-service provider, older adults (% of population ages 25+)","Account ownership at a financial institution or with a mobile-money-service provider, poorest 40% (% of population ages 15+)","Account ownership at a financial institution or with a mobile-money-service provider, primary education or less (% of population ages 15+)","Account ownership at a financial institution or with a mobile-money-service provider, richest 60% (% of population ages 15+)","Account ownership at a financial institution or with a mobile-money-service provider, secondary education or more (% of population ages 15+)","Account ownership at a financial institution or with a mobile-money-service provider, young adults (% of population ages 15-24)","Account, female (% age 15+)","Account, male (% age 15+)","Account, rural (% age 15+)","Account, urban (% age 15+)",Current account balance (% of GDP),"Current account balance (BoP, current US$)",Financial institution account (% age 15+),"Financial institution account, female (% age 15+)","Financial institution account, male (% age 15+)","Financial institution account, rural (% age 15+)","Financial institution account, urban (% age 15+)","Made a deposit (% with a financial institution account, age 15+)",Made a digital in-store merchant payment (age 15+),Made a digital in-store merchant payment: using a mobile phone (% age 15+),"Made a digital in-store merchant payment: using a mobile phone, female (% age 15+)","Made a digital in-store merchant payment: using a mobile phone, male (% age 15+)","Made a digital in-store merchant payment: using a mobile phone, rural (% age 15+)","Made a digital in-store merchant payment: using a mobile phone, urban (% age 15+)",Made a digital merchant payment (% age 15+),"Made a digital merchant payment, female (% age 15+)","Made a digital merchant payment, male (% age 15+)","Made a digital merchant payment, rural (% age 15+)","Made a digital merchant payment, urban (% age 15+)",Made a digital online merchant payment for an online purchase (% age 15+),Made a digital payment (% age 15+),"Made a digital payment, female (% age 15+)","Made a digital payment, male (% age 15+)","Made a digital payment, rural (% age 15+)","Made a digital payment, urban (% age 15+)",Made a utility payment (% age 15+),"Made a utility payment, female (% age 15+)","Made a utility payment, male (% age 15+)","Made a utility payment, rural (% age 15+)","Made a utility payment, urban (% age 15+)",Made a utility payment: using a financial institution account (% age 15+),Made a utility payment: using a mobile phone (% age 15+),"Made a withdrawal (% with a financial institution account, age 15+)",Made or received a digital payment (% age 15+),"Made or received a digital payment, female (% age 15+)","Made or received a digital payment, male (% age 15+)","Made or received a digital payment, rural (% age 15+)","Made or received a digital payment, urban (% age 15+)",Mobile money account (% age 15+),"Mobile money account, female (% age 15+)","Mobile money account, male (% age 15+)","Mobile money account, rural (% age 15+)","Mobile money account, urban (% age 15+)",Own a mobile phone (% age 15+),Owns a debit or credit card (% age 15+),"Owns a debit or credit card, female (% age 15+)","Owns a debit or credit card, male (% age 15+)","Owns a debit or credit card, rural (% age 15+)","Owns a debit or credit card, urban (% age 15+)",Received digital payments (% age 15+),"Received digital payments, female (% age 15+)","Received digital payments, male (% age 15+)","Received digital payments, rural (% age 15+)","Received digital payments, urban (% age 15+)",Saved at a financial institution or using a mobile money account (% age 15+),"Saved at a financial institution or using a mobile money account, female (% age 15+)","Saved at a financial institution or using a mobile money account, male (% age 15+)","Saved at a financial institution or using a mobile money account, rural (% age 15+)","Saved at a financial institution or using a mobile money account, urban (% age 15+)",Saved money using a mobile money account (% age 15+),"Saved money using a mobile money account, female (% age 15+)","Saved money using a mobile money account, male (% age 15+)","Saved money using a mobile money account, rural (% age 15+)","Saved money using a mobile money account, urban (% age 15+)",Store money using a financial institution or a mobile money account (% age 15+),"Store money using a financial institution or a mobile money account (% with an account,  age 15+)",Store money using a mobile money account (% age 15+),"Store money using a mobile money account (% with a mobile money account acount, age 15+)","Use a mobile phone or the internet to make payments, buy things, or to send or receive money using a financial institution account (% age 15+)","Use a mobile phone or the internet to make payments, buy things, or to send or receive money using a financial institution account (% with a financial institution account, age 15+)",Used a mobile phone or the internet to access a financial institution account (% age 15+),"Used a mobile phone or the internet to access a financial institution account (% with a financial institution account, age 15+)","Used a mobile phone or the internet to access an account (% with an account, age 15+)",Used a mobile phone or the internet to access an account(% age 15+),"Used a mobile phone or the internet to access an account, female (% age 15+)","Used a mobile phone or the internet to access an account, male (% age 15+)","Used a mobile phone or the internet to access an account, rural (% age 15+)","Used a mobile phone or the internet to access an account, urban (% age 15+)",Used a mobile phone or the internet to buy something online (% age 15+),"Used a mobile phone or the internet to buy something online, female (% age 15+)","Used a mobile phone or the internet to buy something online, male (% age 15+)","Used a mobile phone or the internet to buy something online, rural (% age 15+)","Used a mobile phone or the internet to buy something online, urban (% age 15+)",Used a mobile phone or the internet to check account balance(% age 15+),"Used a mobile phone or the internet to check account balance(% with a financial institution account, age 15+)","Used a mobile phone or the internet to pay bills, female (% age 15+)","Used a mobile phone or the internet to pay bills, male (% age 15+)","Used a mobile phone or the internet to pay bills, rural (% age 15+)","Used a mobile phone or the internet to pay bills, urban (% age 15+)",Used a mobile phone or the internet to send money (% age 15+),"Used a mobile phone or the internet to send money, female (% age 15+)","Used a mobile phone or the internet to send money, male (% age 15+)","Used a mobile phone or the internet to send money, rural (% age 15+)","Used a mobile phone or the internet to send money, urban (% age 15+)",Food supply quantity (kg/capita/yr)_Cereals - Excluding Beer,Food supply quantity (kg/capita/yr)_Starchy Roots,rolling_std,Rural Access to Electricity(Percent of Population),Mobile Cellular Subscriptions (per 100 people),Fixed Broadband Subsciptions (per 100 people),mobile_money_transactions
count,1301,1301.0,1183.0,701.0,1183.0,1129.0,1137.0,1167.0,1183.0,121.0,1183.0,1183.0,94.0,63.0,133.0,143.0,64.0,131,388,388,388,388,388,388,388,388,388,131,131,131,131,388,388,131,131,131,131,131,131,131,131,131,131,131,131,131,131,131,131,131,131,131,131,131,131,131,131,131,131,131,131,131,131,131,131,131,131,131,131,131,131,131,131,131,131,131,131,131,131,131,131,131,131,131,131,131,131,131,131,131,131,131,131,131,131,131,131,131,131,131,131,131,131,131,131,131,131,131,131,131,131,131,131,131,131,131,131,131,131,131,131,131,131,131,131,374.0,374.0,370.0,601.0,951.0,488.0,168.0
unique,21,,,,,,,,,,,,,,,,,60,60,59,59,60,59,60,59,60,60,59,59,9,10,205,212,60,60,60,9,10,45,15,16,16,16,9,9,16,14,15,9,10,13,46,46,46,9,10,46,46,46,9,10,46,44,44,46,46,46,9,10,43,43,42,9,10,16,60,60,60,9,10,46,46,46,9,10,16,16,16,9,10,16,16,16,9,10,16,16,10,10,16,16,16,16,16,16,16,16,1,1,30,31,31,9,10,30,31,31,31,9,10,16,16,16,9,10,,,,,,,
top,IND,,,,,,,,,,,,,,,,,..,..,..,..,..,..,..,..,..,..,..,..,..,..,..,..,..,..,..,..,..,..,..,..,..,..,..,..,..,..,..,..,..,..,..,..,..,..,..,..,..,..,..,..,..,..,..,..,..,..,..,..,..,..,..,..,..,..,..,..,..,..,..,..,..,..,..,..,..,..,..,..,..,..,..,..,..,..,..,..,..,..,..,..,..,..,..,..,..,..,..,..,..,..,..,..,..,..,..,..,..,..,..,..,..,..,..,..,,,,,,,
freq,93,,,,,,,,,,,,,,,,,36,293,293,293,293,294,293,294,293,293,36,36,113,111,38,31,36,36,36,113,111,53,102,101,101,101,113,111,101,102,102,113,111,108,52,52,52,113,111,52,52,52,113,111,52,52,53,52,52,52,113,111,59,59,59,113,111,101,36,36,36,113,111,52,52,52,113,111,101,101,101,113,111,101,101,101,113,111,101,101,112,112,101,101,99,99,99,99,99,99,131,131,69,69,69,113,111,69,69,69,69,113,111,101,101,101,113,111,,,,,,,
mean,,1997.2029208301308,3.719742180896027,18222.361458886793,63.59206265591819,54.5887511071745,507.1943305132963,1.837808149706967,129413767.90786137,18.327272727272728,64.59151986475064,35.40848013524937,2001.5913916063828,12.433866984126984,5054763.489802361,556532.6281765035,267.2488503125,,,,,,,,,,,,,,,,,,,,,,,,,,,,,,,,,,,,,,,,,,,,,,,,,,,,,,,,,,,,,,,,,,,,,,,,,,,,,,,,,,,,,,,,,,,,,,,,,,,,,,,,,,,,,217.89585561497324,54.36219251336898,11.071854197929,78.34093862434369,45.26539526150579,5.105290310489754,18741753.154750515
std,,19.808203989972004,1.736221753296589,28862.561149301604,10.395211461639779,46.52225852475188,1341.8522889295164,1.1546906825340717,288686446.86530155,12.193311007816266,23.700343145210937,23.700343145210944,1983.6680440253451,5.501344632510643,8262958.191345195,953865.0411148762,530.612386218235,,,,,,,,,,,,,,,,,,,,,,,,,,,,,,,,,,,,,,,,,,,,,,,,,,,,,,,,,,,,,,,,,,,,,,,,,,,,,,,,,,,,,,,,,,,,,,,,,,,,,,,,,,,,,42.4293933372969,61.07167928093513,11.911300563301143,26.460132803122136,55.34492513479216,6.933406298279102,66919256.06777362
min,,1960.0,0.97,759.282764169675,11.295,1.7,4.93551355863279,-8.40364496076773,88347.0,4.3,0.0,3.48,6.213952,3.7037,113.311679,391.57726,3.55432,,,,,,,,,,,,,,,,,,,,,,,,,,,,,,,,,,,,,,,,,,,,,,,,,,,,,,,,,,,,,,,,,,,,,,,,,,,,,,,,,,,,,,,,,,,,,,,,,,,,,,,,,,,,,129.68,5.72,0.6824734427203347,0.6,0.0,0.000388946,0.044966575
25%,,1980.0,2.1870000000000003,4371.38571771897,57.236999999999995,19.3,58.8119433876122,1.19162966402099,6688529.0,9.4,55.6525,18.9085,67.9244725,7.71605,5748.565569,5248.063409,28.287175,,,,,,,,,,,,,,,,,,,,,,,,,,,,,,,,,,,,,,,,,,,,,,,,,,,,,,,,,,,,,,,,,,,,,,,,,,,,,,,,,,,,,,,,,,,,,,,,,,,,,,,,,,,,,184.47,18.76,3.1212023452889524,63.5,0.0,0.615923,2.4736114254999997
50%,,2000.0,3.315,6843.54654972364,66.232,40.2,119.497004516268,1.85417955110796,30758811.0,16.0,70.431,29.569,1652.88764,11.1111,599004.0,29027.407875,111.727,,,,,,,,,,,,,,,,,,,,,,,,,,,,,,,,,,,,,,,,,,,,,,,,,,,,,,,,,,,,,,,,,,,,,,,,,,,,,,,,,,,,,,,,,,,,,,,,,,,,,,,,,,,,,218.65,29.46,5.657647580212926,90.0,3.737724571,1.9488,179.6952964
75%,,2016.0,5.3985,13491.879417397,70.6855,81.5,285.568271326276,2.4317202951718153,95256066.0,22.5,81.0915,44.3475,3467.7295664999997,18.8272,4860227.0,774143.2540124999,176.0405,,,,,,,,,,,,,,,,,,,,,,,,,,,,,,,,,,,,,,,,,,,,,,,,,,,,,,,,,,,,,,,,,,,,,,,,,,,,,,,,,,,,,,,,,,,,,,,,,,,,,,,,,,,,,254.995,53.13,14.2125584748043,99.5,93.220269415,7.1033675,2101688.0605
max,,2024.0,7.322,132468.930252646,83.5951219512195,245.5,7965.87849162011,8.09818955055196,1438069596.0,64.3,96.52,100.0,6122.73632,21.2963,28731088.0,3499695.007039,3005.0,,,,,,,,,,,,,,,,,,,,,,,,,,,,,,,,,,,,,,,,,,,,,,,,,,,,,,,,,,,,,,,,,,,,,,,,,,,,,,,,,,,,,,,,,,,,,,,,,,,,,,,,,,,,,290.38,281.64,55.53867256245899,100.0,181.7670258,28.5393,457729193.8
