,Mobile Cellular Subscriptions (per 100 people),Fixed Broadband Subsciptions (per 100 people),Made a digital in-store merchant payment: using a mobile phone (% age 15+),Made a utility payment: using a mobile phone (% age 15+),Own a mobile phone (% age 15+),"Use a mobile phone or the internet to make payments, buy things, or to send or receive money using a financial institution account (% age 15+)","Use a mobile phone or the internet to make payments, buy things, or to send or receive money using a financial institution account (% with a financial institution account, age 15+)",Used a mobile phone or the internet to access a financial institution account (% age 15+),"Used a mobile phone or the internet to access a financial institution account (% with a financial institution account, age 15+)","Used a mobile phone or the internet to access an account (% with an account, age 15+)",Used a mobile phone or the internet to access an account(% age 15+),Used a mobile phone or the internet to buy something online (% age 15+),Used a mobile phone or the internet to check account balance(% age 15+),"Used a mobile phone or the internet to check account balance(% with a financial institution account, age 15+)",Used a mobile phone or the internet to send money (% age 15+),"GDP per capita, PPP (constant 2021 international $)",Population density (people per sq. km of land area),Population growth (annual %),"Population, total","Agriculture, forestry, and fishing, value added (percent of GDP)",Food supply quantity (kg/capita/yr)_Cereals - Excluding Beer,Food supply quantity (kg/capita/yr)_Starchy Roots,Crop production index (2014-2016 = 100),foodSupply_stability,rolling_std,Rural Access to Electricity(Percent of Population),"Fertility rate, total (births per woman)","Life expectancy at birth, total (years)","Mortality rate, infant (per 1,000 live births)",Rural population (% of total population),Urban population (% of total population)
Mobile Cellular Subscriptions (per 100 people),1.0,0.6575489198115217,0.5501049577429182,0.4648579131365687,0.5287470762303432,0.596317915564531,0.5316144156411036,0.4598859804740348,0.49431143253721965,0.13941578522342324,0.32220286063693293,0.6305179038552851,0.6001646407648799,0.5965309084819377,0.5340942492489976,0.5414243372143387,-0.15599764055505516,-0.27766201608374647,-0.26368776097383656,-0.5524058318319459,0.15982441451123042,-0.1241267752149405,0.1302245521816311,-0.20070288960227306,-0.20070288960227306,0.3600415356483268,-0.5626121694081401,0.6309944741301858,-0.7441465882319115,-0.32326462154432295,0.3232646215443234
Fixed Broadband Subsciptions (per 100 people),0.6575489198115217,1.0,0.6756456902567676,0.710975118131691,0.5687389732677564,0.7381842151017927,0.6847864485420789,0.5891140866433222,0.7212530331891764,0.31287056992288326,0.49672277570251583,0.8144742538986094,0.8475140754843123,0.8180596251148571,0.7092899465599497,0.6289221789942765,0.05470417371356542,-0.2732772393347853,-0.17700881044442185,-0.6015066396122699,0.048820345803019104,-0.37864078487079267,0.14395687121576367,-0.18706466093509486,-0.18706466093509486,0.49225578722879193,-0.5491116062820951,0.737692988758112,-0.6325755874753546,-0.3957275938584339,0.39572759385843437
Made a digital in-store merchant payment: using a mobile phone (% age 15+),0.5501049577429182,0.6756456902567676,1.0,0.5295117782815222,0.5937395607142776,0.9732727971169225,0.8400883153370059,0.6472747715553357,0.550402006839148,0.04949347956073742,0.4305065495708753,0.6802467514673727,0.7383054193388835,0.5418963084899204,0.9318019128199302,0.7083097501488241,-0.22193136757883647,-0.36581496753889214,-0.10451792967773862,-0.4859461143854211,-0.18327504865374492,-0.36213005910227414,-0.09921138857378187,-0.05527151930545344,-0.05527151930545344,0.3399362373366873,-0.6359800162081903,0.6448823325612811,-0.5253319646831899,-0.4798057202249773,0.4798057202249774
Made a utility payment: using a mobile phone (% age 15+),0.4648579131365687,0.710975118131691,0.5295117782815222,1.0,0.261404106191705,0.5384053842727646,0.42452022902919084,0.527807626765399,0.49291171859808314,0.27105499125015736,0.4947918248569111,0.7849918861794778,0.8198031347517482,0.6312494362659047,0.5173289867283142,0.5804763509540618,0.07350628754216812,-0.24245002098504229,-0.04973437075206768,-0.4504850165772195,-0.13349833572340222,-0.24610504976827044,0.16828041839636784,-0.19938934623812107,-0.19938934623812107,0.36173844036385605,-0.4100863256876654,0.44801001457883516,-0.38989078254913134,-0.5128763157862788,0.5128763157862791
Own a mobile phone (% age 15+),0.5287470762303432,0.5687389732677564,0.5937395607142776,0.261404106191705,1.0,0.660172802224749,0.7602576911756768,0.3526956598121485,0.35194364622706537,-0.07475914023796612,0.1858527787704836,0.555528543030252,0.5087699190333362,0.547023316666124,0.7077892749345459,0.45829268684224794,-0.2217888262893887,-0.3612840430654142,-0.567142827585774,-0.39445108256629174,0.3969785410451595,-0.19505824097010604,-0.22997970080492666,0.04908955816416784,0.04908955816416784,-0.0015001228426789839,-0.6280220031070995,0.5252480484138161,-0.5918634005077155,-0.11316598464374507,0.11316598464374511
"Use a mobile phone or the internet to make payments, buy things, or to send or receive money using a financial institution account (% age 15+)",0.596317915564531,0.7381842151017927,0.9732727971169225,0.5384053842727646,0.660172802224749,1.0,0.8966276912180396,0.7495982156555386,0.6803942194117476,0.09469245676164682,0.49444063130186255,0.7699847163624882,0.8060097001595434,0.6412941923141738,0.9323589731576554,0.7985255025039723,-0.2601952544873384,-0.3188353314008807,-0.1416546683617338,-0.5237344063600047,-0.16126457898582822,-0.4054994878278255,-0.12137434791248587,-0.0433257412054161,-0.0433257412054161,0.36064692894974826,-0.6635371633003965,0.7013941126317366,-0.6027836388378939,-0.5453004701169403,0.5453004701169405
"Use a mobile phone or the internet to make payments, buy things, or to send or receive money using a financial institution account (% with a financial institution account, age 15+)",0.5316144156411036,0.6847864485420789,0.8400883153370059,0.42452022902919084,0.7602576911756768,0.8966276912180396,1.0,0.5370632628544478,0.5887963447397944,0.0403772157921935,0.28017896092232414,0.7593889541621561,0.6920578420660386,0.7068392544628517,0.9153425155207351,0.6082948431059747,-0.3389672552605754,-0.23474612621286206,-0.26108485048204194,-0.35911630472722983,-0.002711466787690774,-0.42357539667074895,-0.20024640900627136,0.028795885743511815,0.028795885743511815,0.18572134586940361,-0.5451034143877317,0.4705470984066742,-0.4385826130772085,-0.4924162399578849,0.49241623995788514
Used a mobile phone or the internet to access a financial institution account (% age 15+),0.4598859804740348,0.5891140866433222,0.6472747715553357,0.527807626765399,0.3526956598121485,0.7495982156555386,0.5370632628544478,1.0,0.8717508945665366,0.34679936800671096,0.8260134301108125,0.7043293680908781,0.750377280817121,0.4892453103458417,0.5907644034967114,0.9413004989951143,-0.08038975473460905,-0.06842547885922767,-0.07273364675362844,-0.5881290780652372,-0.27311061244210394,-0.3508115605329095,-0.058397264882214556,-0.02643728656525888,-0.02643728656525888,0.4388389103871477,-0.5049174143175492,0.7007378791564622,-0.6214973237040177,-0.7460483562865794,0.7460483562865797
"Used a mobile phone or the internet to access a financial institution account (% with a financial institution account, age 15+)",0.49431143253721965,0.7212530331891764,0.550402006839148,0.49291171859808314,0.35194364622706537,0.6803942194117476,0.5887963447397944,0.8717508945665366,1.0,0.5792153498526417,0.7895839267398318,0.7374180639666774,0.7031604519152275,0.6467619756469632,0.5803792396792093,0.8095785236598616,0.029232805910127155,0.03747896418905633,-0.18147161045715962,-0.6044791971640086,-0.11566421994836501,-0.39907770218434346,-0.0566994237063024,-0.01755595157471291,-0.01755595157471291,0.523576895217598,-0.3721370220952529,0.6888368707245571,-0.5870473586021581,-0.7281647754978802,0.7281647754978804
"Used a mobile phone or the internet to access an account (% with an account, age 15+)",0.13941578522342324,0.31287056992288326,0.04949347956073742,0.27105499125015736,-0.07475914023796612,0.09469245676164682,0.0403772157921935,0.34679936800671096,0.5792153498526417,1.0,0.7288204448216408,0.17382327897147204,0.1720052844438467,0.2112987252549785,0.16411595349785096,0.22639425371824484,0.5294485545569314,0.2218066060617235,-0.21645146229916765,-0.293544466186761,-0.10417721552203893,-0.11611603040152026,0.10697815634318412,-0.007674698913447091,-0.007674698913447091,0.15119417472631383,0.17384612476920008,0.3032375930907969,-0.11802773662954016,-0.343596431635489,0.3435964316354888
Used a mobile phone or the internet to access an account(% age 15+),0.32220286063693293,0.49672277570251583,0.4305065495708753,0.4947918248569111,0.1858527787704836,0.49444063130186255,0.28017896092232414,0.8260134301108125,0.7895839267398318,0.7288204448216408,1.0,0.4687760451854612,0.5364637388312389,0.3236620048527054,0.4702390927442949,0.7025589443415986,0.42060372035458865,-0.03748896906270187,-0.1200017527822309,-0.5619605124061581,-0.14386158940817817,-0.30181350646152943,0.03910167613943327,-0.015298433260938864,-0.015298433260938864,0.2984249702118356,-0.34667334227998997,0.6275691591132678,-0.4916083971288583,-0.6312659434786253,0.6312659434786252
Used a mobile phone or the internet to buy something online (% age 15+),0.6305179038552851,0.8144742538986094,0.6802467514673727,0.7849918861794778,0.555528543030252,0.7699847163624882,0.7593889541621561,0.7043293680908781,0.7374180639666774,0.17382327897147204,0.4687760451854612,1.0,0.9269870542336418,0.8687082680023368,0.7001136518971288,0.7741534744864875,-0.2409836632199715,-0.186467082960796,-0.1766109056810962,-0.5645681524978344,0.02089558981224739,-0.3281212755115221,-0.04061388559304336,-0.020725945381601656,-0.020725945381601656,0.42828849996565,-0.5788022595635735,0.5660475233751936,-0.5932513549563204,-0.67499149577872,0.6749914957787202
Used a mobile phone or the internet to check account balance(% age 15+),0.6001646407648799,0.8475140754843123,0.7383054193388835,0.8198031347517482,0.5087699190333362,0.8060097001595434,0.6920578420660386,0.750377280817121,0.7031604519152275,0.1720052844438467,0.5364637388312389,0.9269870542336418,1.0,0.8514391523788725,0.7046610485258888,0.7973733766852035,-0.1698035575377362,-0.26819503732119127,-0.08751487875090562,-0.5397763362152604,-0.09004901238669966,-0.3198506713430524,0.049038310021716026,-0.09697025704917993,-0.09697025704917993,0.448690443541597,-0.6301087685262029,0.6803980244765128,-0.6157907601985319,-0.5524808679377196,0.5524808679377196
"Used a mobile phone or the internet to check account balance(% with a financial institution account, age 15+)",0.5965309084819377,0.8180596251148571,0.5418963084899204,0.6312494362659047,0.547023316666124,0.6412941923141738,0.7068392544628517,0.4892453103458417,0.6467619756469632,0.2112987252549785,0.3236620048527054,0.8687082680023368,0.8514391523788725,1.0,0.6062428524473339,0.5458456985230854,-0.16230478593287395,-0.15295945328465596,-0.1940448727909435,-0.4360489818576047,0.18814416788294203,-0.2426878389325274,0.06797395005634524,-0.028564334887894338,-0.028564334887894338,0.4168513190085256,-0.5113058968513788,0.5386744431650262,-0.5253269512238347,-0.3974691496270395,0.3974691496270397
Used a mobile phone or the internet to send money (% age 15+),0.5340942492489976,0.7092899465599497,0.9318019128199302,0.5173289867283142,0.7077892749345459,0.9323589731576554,0.9153425155207351,0.5907644034967114,0.5803792396792093,0.16411595349785096,0.4702390927442949,0.7001136518971288,0.7046610485258888,0.6062428524473339,1.0,0.620100700686507,-0.05802515085986959,-0.35687873636525447,-0.1911149797441924,-0.4516292192940072,-0.04787746541711642,-0.49777624447752095,-0.1317211079660341,-0.0020208584313087833,-0.0020208584313087833,0.217832245030564,-0.631489250660862,0.5809434441538704,-0.4907112237974792,-0.4810600950693638,0.48106009506936387
"GDP per capita, PPP (constant 2021 international $)",0.5414243372143387,0.6289221789942765,0.7083097501488241,0.5804763509540618,0.45829268684224794,0.7985255025039723,0.6082948431059747,0.9413004989951143,0.8095785236598616,0.22639425371824484,0.7025589443415986,0.7741534744864875,0.7973733766852035,0.5458456985230854,0.620100700686507,1.0,-0.2227000736685245,-0.15806884146627095,-0.14279330432890178,-0.7030972777787677,-0.18940822503078825,-0.30881888384221995,-0.05787989984635484,-0.11418894830571735,-0.11418894830571735,0.526753024370103,-0.5690741957780068,0.753995058033531,-0.6948225367140363,-0.7525937033910354,0.7525937033910357
Population density (people per sq. km of land area),-0.15599764055505516,0.05470417371356542,-0.22193136757883647,0.07350628754216812,-0.2217888262893887,-0.2601952544873384,-0.3389672552605754,-0.08038975473460905,0.029232805910127155,0.5294485545569314,0.42060372035458865,-0.2409836632199715,-0.1698035575377362,-0.16230478593287395,-0.05802515085986959,-0.2227000736685245,1.0,-0.07966912533000822,0.2402960794632432,-0.190304141845873,0.16472134329921137,-0.25058556507630864,0.20587631620193234,-0.010087364778106223,-0.010087364778106223,-0.029934154567842618,0.009225936096659984,0.10801469437583916,-0.003910465957766477,0.08529839491968542,-0.08529839491968616
Population growth (annual %),-0.27766201608374647,-0.2732772393347853,-0.36581496753889214,-0.24245002098504229,-0.3612840430654142,-0.3188353314008807,-0.23474612621286206,-0.06842547885922767,0.03747896418905633,0.2218066060617235,-0.03748896906270187,-0.186467082960796,-0.26819503732119127,-0.15295945328465596,-0.35687873636525447,-0.15806884146627095,-0.07966912533000822,1.0,0.04259926043557221,0.14710731805578503,-0.1816631709465868,0.26592569780401315,0.007693332432581293,0.1232935618067645,0.1232935618067645,-0.04649932900531934,0.5858662164775067,-0.339346889782228,0.3606906346840971,-0.11133786284310518,0.1113378628431052
"Population, total",-0.26368776097383656,-0.17700881044442185,-0.10451792967773862,-0.04973437075206768,-0.567142827585774,-0.1416546683617338,-0.26108485048204194,-0.07273364675362844,-0.18147161045715962,-0.21645146229916765,-0.1200017527822309,-0.1766109056810962,-0.08751487875090562,-0.1940448727909435,-0.1911149797441924,-0.14279330432890178,0.2402960794632432,0.04259926043557221,1.0,0.04497054392089954,-0.38397748378568597,-0.20970126189435537,0.22839016161161135,-0.07210745394339803,-0.07210745394339803,0.08683724860883277,0.02709783950592233,-0.11113192854403241,0.15111090826376944,0.0012404927292341103,-0.0012404927292346117
"Agriculture, forestry, and fishing, value added (percent of GDP)",-0.5524058318319459,-0.6015066396122699,-0.4859461143854211,-0.4504850165772195,-0.39445108256629174,-0.5237344063600047,-0.35911630472722983,-0.5881290780652372,-0.6044791971640086,-0.293544466186761,-0.5619605124061581,-0.5645681524978344,-0.5397763362152604,-0.4360489818576047,-0.4516292192940072,-0.7030972777787677,-0.190304141845873,0.14710731805578503,0.04497054392089954,1.0,-0.1680137576448139,0.2198300597096667,-0.08790704551180652,0.10667021789509042,0.10667021789509042,-0.6496977081343248,0.4974548613911644,-0.7801233148276686,0.7576945868229334,0.550149418434337,-0.5501494184343372
Food supply quantity (kg/capita/yr)_Cereals - Excluding Beer,0.15982441451123042,0.048820345803019104,-0.18327504865374492,-0.13349833572340222,0.3969785410451595,-0.16126457898582822,-0.002711466787690774,-0.27311061244210394,-0.11566421994836501,-0.10417721552203893,-0.14386158940817817,0.02089558981224739,-0.09004901238669966,0.18814416788294203,-0.04787746541711642,-0.18940822503078825,0.16472134329921137,-0.1816631709465868,-0.38397748378568597,-0.1680137576448139,1.0,0.28429600787811676,-0.11749279453029415,0.11793570497154036,0.11793570497154036,-0.09185138272656235,-0.35796738333529454,0.0735591279564585,-0.2906042688728259,0.21377612153250794,-0.2137761215325082
Food supply quantity (kg/capita/yr)_Starchy Roots,-0.1241267752149405,-0.37864078487079267,-0.36213005910227414,-0.24610504976827044,-0.19505824097010604,-0.4054994878278255,-0.42357539667074895,-0.3508115605329095,-0.39907770218434346,-0.11611603040152026,-0.30181350646152943,-0.3281212755115221,-0.3198506713430524,-0.2426878389325274,-0.49777624447752095,-0.30881888384221995,-0.25058556507630864,0.26592569780401315,-0.20970126189435537,0.2198300597096667,0.28429600787811676,1.0,0.16932791962813337,-0.051070427002164395,-0.051070427002164395,-0.20933746551853596,0.22568987120893255,-0.2639287746566043,0.13607375057607057,0.3365291774787139,-0.33652917747871386
Crop production index (2014-2016 = 100),0.1302245521816311,0.14395687121576367,-0.09921138857378187,0.16828041839636784,-0.22997970080492666,-0.12137434791248587,-0.20024640900627136,-0.058397264882214556,-0.0566994237063024,0.10697815634318412,0.03910167613943327,-0.04061388559304336,0.049038310021716026,0.06797395005634524,-0.1317211079660341,-0.05787989984635484,0.20587631620193234,0.007693332432581293,0.22839016161161135,-0.08790704551180652,-0.11749279453029415,0.16932791962813337,1.0,-0.378464678882965,-0.378464678882965,0.2955736155877293,-0.024216213145499304,0.07560041179018255,-0.15392611207625048,0.030324817155646645,-0.030324817155646912
foodSupply_stability,-0.20070288960227306,-0.18706466093509486,-0.05527151930545344,-0.19938934623812107,0.04908955816416784,-0.0433257412054161,0.028795885743511815,-0.02643728656525888,-0.01755595157471291,-0.007674698913447091,-0.015298433260938864,-0.020725945381601656,-0.09697025704917993,-0.028564334887894338,-0.0020208584313087833,-0.11418894830571735,-0.010087364778106223,0.1232935618067645,-0.07210745394339803,0.10667021789509042,0.11793570497154036,-0.051070427002164395,-0.378464678882965,1.0,1.0,-0.2858407786097199,0.1950351909696502,-0.21357279915598373,0.15884081943750192,-0.036059843826259375,0.03605984382625941
rolling_std,-0.20070288960227306,-0.18706466093509486,-0.05527151930545344,-0.19938934623812107,0.04908955816416784,-0.0433257412054161,0.028795885743511815,-0.02643728656525888,-0.01755595157471291,-0.007674698913447091,-0.015298433260938864,-0.020725945381601656,-0.09697025704917993,-0.028564334887894338,-0.0020208584313087833,-0.11418894830571735,-0.010087364778106223,0.1232935618067645,-0.07210745394339803,0.10667021789509042,0.11793570497154036,-0.051070427002164395,-0.378464678882965,1.0,1.0,-0.2858407786097199,0.1950351909696502,-0.21357279915598373,0.15884081943750192,-0.036059843826259375,0.03605984382625941
Rural Access to Electricity(Percent of Population),0.3600415356483268,0.49225578722879193,0.3399362373366873,0.36173844036385605,-0.0015001228426789839,0.36064692894974826,0.18572134586940361,0.4388389103871477,0.523576895217598,0.15119417472631383,0.2984249702118356,0.42828849996565,0.448690443541597,0.4168513190085256,0.217832245030564,0.526753024370103,-0.029934154567842618,-0.04649932900531934,0.08683724860883277,-0.6496977081343248,-0.09185138272656235,-0.20933746551853596,0.2955736155877293,-0.2858407786097199,-0.2858407786097199,1.0,-0.2706905292928306,0.5644096141283965,-0.4676315256137874,-0.443724458659364,0.4437244586593641
"Fertility rate, total (births per woman)",-0.5626121694081401,-0.5491116062820951,-0.6359800162081903,-0.4100863256876654,-0.6280220031070995,-0.6635371633003965,-0.5451034143877317,-0.5049174143175492,-0.3721370220952529,0.17384612476920008,-0.34667334227998997,-0.5788022595635735,-0.6301087685262029,-0.5113058968513788,-0.631489250660862,-0.5690741957780068,0.009225936096659984,0.5858662164775067,0.02709783950592233,0.4974548613911644,-0.35796738333529454,0.22568987120893255,-0.024216213145499304,0.1950351909696502,0.1950351909696502,-0.2706905292928306,1.0,-0.6776374946263936,0.7879452199708982,0.24690505902103124,-0.24690505902103138
"Life expectancy at birth, total (years)",0.6309944741301858,0.737692988758112,0.6448823325612811,0.44801001457883516,0.5252480484138161,0.7013941126317366,0.4705470984066742,0.7007378791564622,0.6888368707245571,0.3032375930907969,0.6275691591132678,0.5660475233751936,0.6803980244765128,0.5386744431650262,0.5809434441538704,0.753995058033531,0.10801469437583916,-0.339346889782228,-0.11113192854403241,-0.7801233148276686,0.0735591279564585,-0.2639287746566043,0.07560041179018255,-0.21357279915598373,-0.21357279915598373,0.5644096141283965,-0.6776374946263936,1.0,-0.8689636880297817,-0.3234718399442117,0.32347183994421164
"Mortality rate, infant (per 1,000 live births)",-0.7441465882319115,-0.6325755874753546,-0.5253319646831899,-0.38989078254913134,-0.5918634005077155,-0.6027836388378939,-0.4385826130772085,-0.6214973237040177,-0.5870473586021581,-0.11802773662954016,-0.4916083971288583,-0.5932513549563204,-0.6157907601985319,-0.5253269512238347,-0.4907112237974792,-0.6948225367140363,-0.003910465957766477,0.3606906346840971,0.15111090826376944,0.7576945868229334,-0.2906042688728259,0.13607375057607057,-0.15392611207625048,0.15884081943750192,0.15884081943750192,-0.4676315256137874,0.7879452199708982,-0.8689636880297817,1.0,0.34522806391233846,-0.3452280639123386
Rural population (% of total population),-0.32326462154432295,-0.3957275938584339,-0.4798057202249773,-0.5128763157862788,-0.11316598464374507,-0.5453004701169403,-0.4924162399578849,-0.7460483562865794,-0.7281647754978802,-0.343596431635489,-0.6312659434786253,-0.67499149577872,-0.5524808679377196,-0.3974691496270395,-0.4810600950693638,-0.7525937033910354,0.08529839491968542,-0.11133786284310518,0.0012404927292341103,0.550149418434337,0.21377612153250794,0.3365291774787139,0.030324817155646645,-0.036059843826259375,-0.036059843826259375,-0.443724458659364,0.24690505902103124,-0.3234718399442117,0.34522806391233846,1.0,-1.0000000000000002
Urban population (% of total population),0.3232646215443234,0.39572759385843437,0.4798057202249774,0.5128763157862791,0.11316598464374511,0.5453004701169405,0.49241623995788514,0.7460483562865797,0.7281647754978804,0.3435964316354888,0.6312659434786252,0.6749914957787202,0.5524808679377196,0.3974691496270397,0.48106009506936387,0.7525937033910357,-0.08529839491968616,0.1113378628431052,-0.0012404927292346117,-0.5501494184343372,-0.2137761215325082,-0.33652917747871386,-0.030324817155646912,0.03605984382625941,0.03605984382625941,0.4437244586593641,-0.24690505902103138,0.32347183994421164,-0.3452280639123386,-1.0000000000000002,1.0
