Area,Year,"Value US$, 2015 prices_Credit to Agriculture, Forestry and Fishing"
Afghanistan,2010,11.894427
Afghanistan,2011,11.575633
Afghanistan,2012,14.524064
Afghanistan,2013,19.018687
Afghanistan,2014,17.388845
Afghanistan,2015,17.675774
Afghanistan,2016,20.133434
Afghanistan,2017,26.330719
Afghanistan,2018,25.250709
Afghanistan,2019,21.509838
Afghanistan,2020,19.864912
Bangladesh,2010,2794.198196
Bangladesh,2011,3271.100803
Bangladesh,2012,3213.392664
Bangladesh,2013,3296.803356
Bangladesh,2014,3524.70497
Bangladesh,2015,3778.212713
Bangladesh,2016,4130.25207
Bangladesh,2017,4323.608872
Bangladesh,2018,4762.082962
Bangladesh,2019,4957.591367
Bangladesh,2020,4861.044882
Bangladesh,2021,5184.469024
Bangladesh,2022,5827.916712
Bangladesh,2023,6122.73632
Bhutan,2010,10.655241
Bhutan,2011,13.788605
Bhutan,2012,20.394189
Bhutan,2013,26.59748
Bhutan,2014,36.919514
Bhutan,2015,54.361563
Bhutan,2016,66.55666
Bhutan,2017,72.02791
Bhutan,2018,79.122159
Bhutan,2019,85.10715
Bhutan,2020,85.779739
Bhutan,2021,79.381617
Bhutan,2022,57.475975
Bhutan,2023,54.87033
Cambodia,2010,239.660505
Cambodia,2011,411.772325
Cambodia,2012,591.808333
Cambodia,2013,741.766174
Cambodia,2014,970.962032
Cambodia,2015,1223.686074
Cambodia,2016,1458.662745
Cambodia,2017,1625.968197
Cambodia,2018,1679.807083
Cambodia,2019,1706.541273
Cambodia,2020,2142.095004
Cambodia,2021,2758.956887
Cambodia,2022,3218.642022
Cambodia,2023,3878.954331
India,2010,80131.349344
India,2011,87048.97562
India,2012,81989.202075
India,2013,111396.81609
India,2014,115140.92509
India,2015,126492.12846
India,2016,131844.37421
India,2017,144301.16509
India,2018,156983.89967
India,2019,160981.73002
India,2020,164078.3932
India,2021,165431.14971
India,2022,170748.05728
India,2023,198984.27664
Indonesia,2010,8617.822093
Indonesia,2011,10084.139178
Indonesia,2012,12605.215765
Indonesia,2013,15253.493806
Indonesia,2014,17232.665761
Indonesia,2015,19857.177552
Indonesia,2016,21722.859242
Indonesia,2017,23221.396078
Indonesia,2018,25013.519392
Indonesia,2019,25769.775991
Indonesia,2020,26973.740417
Indonesia,2021,27574.871028
Indonesia,2022,27795.65477
Indonesia,2023,29726.102052
Iran (Islamic Republic of),2010,21833.113097
Iran (Islamic Republic of),2011,20736.776978
Iran (Islamic Republic of),2012,19325.57626
Iran (Islamic Republic of),2013,17199.000378
Iran (Islamic Republic of),2014,18378.065843
Iran (Islamic Republic of),2015,20691.800783
Iran (Islamic Republic of),2016,21406.172492
Malaysia,2010,5631.52623
Malaysia,2011,5876.495451
Malaysia,2012,7568.054798
Malaysia,2013,8350.033173
Malaysia,2014,7986.966197
Malaysia,2015,9552.810008
Malaysia,2016,9120.51492
Malaysia,2017,8780.497719
Malaysia,2018,8452.882803
Malaysia,2019,8661.744116
Malaysia,2020,8261.9859
Malaysia,2021,8520.279732
Malaysia,2022,7914.684667
Malaysia,2023,7735.950104
Maldives,2010,86.507812
Maldives,2011,66.225735
Maldives,2012,44.103347
Maldives,2013,40.522789
Maldives,2014,28.475092
Maldives,2015,29.614095
Maldives,2016,33.887286
Maldives,2017,32.070412
Maldives,2018,28.842504
Maldives,2019,27.20689
Maldives,2020,22.295723
Maldives,2021,18.540822
Maldives,2022,17.55257
Maldives,2023,15.923542
Nepal,2010,201.562223
Nepal,2011,260.465435
Nepal,2012,289.493041
Nepal,2013,461.469809
Nepal,2014,518.951579
Nepal,2015,636.095645
Nepal,2016,718.113691
Nepal,2017,759.540243
Nepal,2018,952.762287
Nepal,2019,1249.175601
Nepal,2020,1459.195983
Nepal,2021,1977.78249
Nepal,2022,2276.405693
Nepal,2023,2428.847947
Pakistan,2010,2643.100341
Pakistan,2011,2341.513004
Pakistan,2012,2463.996457
Pakistan,2013,2609.601385
Pakistan,2014,2757.234077
Pakistan,2015,2959.450252
Pakistan,2016,2886.322586
Pakistan,2017,2891.20076
Pakistan,2018,2755.066159
Pakistan,2019,2520.605054
Pakistan,2020,2183.392885
Pakistan,2021,2204.344836
Pakistan,2022,1958.215837
Pakistan,2023,1990.517715
Philippines,2010,8554.700144
Philippines,2011,5353.086281
Philippines,2012,4741.868421
Philippines,2013,4867.560176
Philippines,2014,4693.996686
Philippines,2015,4473.090551
Philippines,2016,5128.543744
Philippines,2017,4388.024776
Philippines,2018,4832.360429
Philippines,2019,5464.133167
Philippines,2020,5121.116622
Philippines,2021,4758.80567
Philippines,2022,4751.810236
Philippines,2023,5008.306692
Singapore,2010,289.299052
Singapore,2011,1286.627537
Singapore,2012,1566.613095
Singapore,2013,3668.172241
Singapore,2014,4150.387466
Singapore,2015,4081.683123
Singapore,2016,4223.760934
Singapore,2017,2613.456072
Singapore,2018,2158.007057
Singapore,2019,1566.079168
Singapore,2020,1618.717809
Singapore,2021,1320.518016
Singapore,2022,859.549465
Singapore,2023,1086.359599
Sri Lanka,2010,2044.646735
Sri Lanka,2011,2397.050485
Sri Lanka,2012,2642.266624
Sri Lanka,2013,2356.497422
Sri Lanka,2014,2178.410129
Sri Lanka,2015,2274.083767
Sri Lanka,2016,2523.268402
Sri Lanka,2017,2729.273474
Sri Lanka,2018,2982.319289
Sri Lanka,2019,2878.355359
Sri Lanka,2020,2897.024634
Sri Lanka,2021,3008.142947
Sri Lanka,2022,2357.807878
Sri Lanka,2023,2026.217293
Thailand,2010,2789.220477
Thailand,2011,2582.197335
Thailand,2012,2799.5723
Thailand,2013,2950.828006
Thailand,2014,2945.662436
Thailand,2015,3186.168616
Thailand,2016,2943.738197
Thailand,2017,2931.845304
Thailand,2018,2798.121642
Thailand,2019,2646.421083
Thailand,2020,2633.474572
Thailand,2021,2621.825367
Thailand,2022,2304.889515
Thailand,2023,2286.76235
Timor-Leste,2010,0.73512
Timor-Leste,2011,4.325112
Timor-Leste,2012,0.901228
Timor-Leste,2013,0.588521
Timor-Leste,2014,8.876488
Timor-Leste,2015,8.505
Timor-Leste,2016,3.940232
Timor-Leste,2017,5.738954
Timor-Leste,2018,1.0461
Timor-Leste,2019,1.062178
Timor-Leste,2020,1.570579
Timor-Leste,2021,1.448006
Timor-Leste,2022,1.01168
Timor-Leste,2023,1.40289
Viet Nam,2012,14556.258334
Viet Nam,2013,17197.491824
Viet Nam,2014,17719.011725
Viet Nam,2015,21453.049979
Viet Nam,2016,25150.76505
Viet Nam,2017,27620.806984
Viet Nam,2018,27916.276972
Viet Nam,2019,29267.537374
Viet Nam,2020,31239.896838
Viet Nam,2021,32330.258209
Viet Nam,2022,33596.814589
Viet Nam,2023,35260.333031
