country,Year,"Financial institution account, male (% age 15+)"
BGD,2022,
BGD,2021,45.33
BGD,2017,50.24
BGD,2014,32.93
BGD,2011,37.29
BTN,2022,
BTN,2021,
BTN,2017,
BTN,2014,38.99
BTN,2011,
IDN,2022,
IDN,2021,49.29
IDN,2017,45.52
IDN,2014,34.62
IDN,2011,19.97
IND,2022,
IND,2021,77.15
IND,2017,82.94
IND,2014,62.47
IND,2011,43.74
KHM,2022,
KHM,2021,34.12
KHM,2017,18.48
KHM,2014,14.94
KHM,2011,3.6
LAO,2022,
LAO,2021,36.75
LAO,2017,26.12
LAO,2014,
LAO,2011,27.44
LKA,2022,
LKA,2021,88.58
LKA,2017,73.77
LKA,2014,82.23
LKA,2011,69.99
MMR,2022,
MMR,2021,37.51
MMR,2017,25.46
MMR,2014,28.6
MMR,2011,
MYS,2022,
MYS,2021,88.81
MYS,2017,87.86
MYS,2014,83.01
MYS,2011,69.22
NPL,2022,
NPL,2021,56.33
NPL,2017,49.98
NPL,2014,36.72
NPL,2011,29.56
