country,year,Fixed Broadband Subscriptions (per 100 people),Mobile Cellular Subscriptions (per 100 people),"Access to Electricity, rural (% of Rural Pop.)",Account (% age 15+),"Account, female (% age 15+)","Account, male (% age 15+)","Account, rural (% age 15+)","Account, urban (% age 15+)",Financial institution account (% age 15+),"Financial institution account, female (% age 15+)","Financial institution account, male (% age 15+)","Financial institution account, rural (% age 15+)","Financial institution account, urban (% age 15+)",Mobile money account (% age 15+),"Mobile money account, female (% age 15+)","Mobile money account, male (% age 15+)","Mobile money account, rural (% age 15+)","Mobile money account, urban (% age 15+)",Own a mobile phone (% age 15+),Owns a debit or credit card (% age 15+),"Owns a debit or credit card, female (% age 15+)","Owns a debit or credit card, male (% age 15+)","Owns a debit or credit card, rural (% age 15+)","Owns a debit or credit card, urban (% age 15+)","Population, total",Urban population (% of total population),Rural population (% of total population),"Life expectancy at birth, total (years)","Mortality rate, infant (per 1,000 live births)",Population density (people per sq. km of land area),Poverty headcount ratio at national poverty lines (% of population),Population growth (annual %),"Fertility rate, total (births per woman)","GDP per capita, PPP (constant 2021 international $)","Value US$, 2015 prices_Value Added (Agriculture, Forestry and Fishing)","Value US$, 2015 prices_Value Added (Manufacture of food and beverages)","Value US$, 2015 prices_Credit to Agriculture, Forestry and Fishing",Use per area of cropland_Nutrient nitrogen N (total)
BGD,2011,,,,31.74,26.01,37.29,,,31.74,26.01,37.29,,,,,,,,,2.49,0.86,4.06,,,,,,,,,,,,,27062.841538,,3271.100803,149.49
BGD,2012,,,,,,,,,,,,,,,,,,,,,,,,,,,,,,,,,,,28266.98254,3669.694917,3213.392664,132.6
BGD,2013,,,,,,,,,,,,,,,,,,,,,,,,,,,,,,,,,,,29367.259943,,3296.803356,130.67
BGD,2014,,,,30.99,26.45,35.37,,,29.14,25.22,32.93,,,2.69,2.12,3.24,,,,5.17,2.41,7.83,,,,,,,,,,,,,31078.190269,,3524.70497,144.75
BGD,2015,,,,,,,,,,,,,,,,,,,,,,,,,,,,,,,,,,,32559.969107,,3778.212713,154.28
BGD,2016,,,,,,,,,,,,,,,,,,,,,,,,,,,,,,,,,,,33933.426983,,4130.25207,136.41
BGD,2017,,,,,,,,,,,,,,,,,,,,,,,,,,,,,,,,,,,35017.947008,,4323.608872,144.45
BGD,2018,,,,,,,,,,,,,,,,,,,,,,,,,,,,,,,,,,,36259.168433,8075.724265,4762.082962,154.68
BGD,2019,,,,,,,,,,,,,,,,,,,,,,,,,,,,,,,,,,,37441.425058,,4957.591367,150.93
BGD,2020,,,,,,,,,,,,,,,,,,,,,,,,,,,,,,,,,,,38722.278287,9224.303917,4861.044882,154.23
BGD,2021,,,,,,,,,,,,,,,,,,,,,,,,,,,,,,,,,,,39951.548341,,5184.469024,173.31
BGD,2022,,,,,,,,,,,,,,,,,,,,,,,,,,,,,,,,,,,41171.65052,,5827.916712,171.18
BGD,2023,,,,,,,,,,,,,,,,,,,,,,,,,,,,,,,,,,,42559.728564,,6122.73632,
BGD,2024,,,,,,,,,,,,,,,,,,,,,,,,,,,,,,,,,,,43898.299794,,,
BRN,2011,,,,,,,,,,,,,,,,,,,,,,,,,,,,,,,,,,,119.853584,,,26.3
BRN,2012,,,,,,,,,,,,,,,,,,,,,,,,,,,,,,,,,,,129.603582,,,29.3
BRN,2013,,,,,,,,,,,,,,,,,,,,,,,,,,,,,,,,,,,128.046372,,,7.0
BRN,2014,,,,,,,,,,,,,,,,,,,,,,,,,,,,,,,,,,,134.089727,,,24.3
BRN,2015,,,,,,,,,,,,,,,,,,,,,,,,,,,,,,,,,,,142.64866,,,24.3
BRN,2016,,,,,,,,,,,,,,,,,,,,,,,,,,,,,,,,,,,137.554053,,,24.3
BRN,2017,,,,,,,,,,,,,,,,,,,,,,,,,,,,,,,,,,,135.412961,,,24.3
BRN,2018,,,,,,,,,,,,,,,,,,,,,,,,,,,,,,,,,,,133.279165,,,24.3
BRN,2019,,,,,,,,,,,,,,,,,,,,,,,,,,,,,,,,,,,131.395781,,,24.3
BRN,2020,,,,,,,,,,,,,,,,,,,,,,,,,,,,,,,,,,,150.309471,,,24.3
BRN,2021,,,,,,,,,,,,,,,,,,,,,,,,,,,,,,,,,,,175.739276,,,24.3
BRN,2022,,,,,,,,,,,,,,,,,,,,,,,,,,,,,,,,,,,169.921335,,,24.3
BRN,2023,,,,,,,,,,,,,,,,,,,,,,,,,,,,,,,,,,,154.590485,,,
BRN,2024,,,,,,,,,,,,,,,,,,,,,,,,,,,,,,,,,,,160.803395,,,
BTN,2011,,,,,,,,,,,,,,,,,,,,,,,,,,,,,,,,,,,233.698059,,13.788605,7.5
BTN,2012,,,,,,,,,,,,,,,,,,,,,,,,,,,,,,,,,,,239.349824,,20.394189,6.89
BTN,2013,,,,,,,,,,,,,,,,,,,,,,,,,,,,,,,,,,,243.779096,,26.59748,6.73
BTN,2014,,,,33.67,27.68,38.99,,,33.67,27.68,38.99,,,,,,,,,17.45,15.31,19.36,,,,,,,,,,,,,249.499096,,36.919514,7.89
BTN,2015,,,,,,,,,,,,,,,,,,,,,,,,,,,,,,,,,,,262.430047,,54.361563,8.17
BTN,2016,,,,,,,,,,,,,,,,,,,,,,,,,,,,,,,,,,,274.459527,,66.55666,8.05
BTN,2017,,,,,,,,,,,,,,,,,,,,,,,,,,,,,,,,,,,283.057228,,72.02791,7.9
BTN,2018,,,,,,,,,,,,,,,,,,,,,,,,,,,,,,,,,,,291.183012,,79.122159,15.08
BTN,2019,,,,,,,,,,,,,,,,,,,,,,,,,,,,,,,,,,,296.216282,,85.10715,8.02
BTN,2020,,,,,,,,,,,,,,,,,,,,,,,,,,,,,,,,,,,308.064952,,85.779739,8.54
BTN,2021,,,,,,,,,,,,,,,,,,,,,,,,,,,,,,,,,,,312.452613,,79.381617,10.16
BTN,2022,,,,,,,,,,,,,,,,,,,,,,,,,,,,,,,,,,,308.875012,,57.475975,5.96
BTN,2023,,,,,,,,,,,,,,,,,,,,,,,,,,,,,,,,,,,313.113808,,54.87033,
BTN,2024,,,,,,,,,,,,,,,,,,,,,,,,,,,,,,,,,,,322.785331,,,
IDN,2011,,,,19.58,19.21,19.97,,,19.58,19.21,19.97,,,,,,,,,10.68,9.52,11.88,,,,,,,,,,,,,98543.617063,,10084.139178,73.45
IDN,2012,,,,,,,,,,,,,,,,,,,,,,,,,,,,,,,,,,,103063.333439,,12605.215765,73.78
IDN,2013,,,,,,,,,,,,,,,,,,,,,,,,,,,,,,,,,,,107396.414721,,15253.493806,69.02
IDN,2014,,,,36.06,37.46,34.62,,,35.95,37.24,34.62,,,0.45,0.66,0.23,,,,26.21,26.79,25.62,,,,,,,,,,,,,111948.6036,,17232.665761,71.41
IDN,2015,,,,,,,,,,,,,,,,,,,,,,,,,,,,,,,,,,,116151.993174,,19857.177552,68.85
IDN,2016,,,,,,,,,,,,,,,,,,,,,,,,,,,,,,,,,,,120069.485903,,21722.859242,71.52
IDN,2017,,,,,,,,,,,,,,,,,,,,,,,,,,,,,,,,,,,124771.325926,,23221.396078,67.18
IDN,2018,,,,,,,,,,,,,,,,,,,,,,,,,,,,,,,,,,,129617.641322,,25013.519392,72.59
IDN,2019,,,,,,,,,,,,,,,,,,,,,,,,,,,,,,,,,,,134292.303594,,25769.775991,65.49
IDN,2020,,,,,,,,,,,,,,,,,,,,,,,,,,,,,,,,,,,136671.948137,,26973.740417,78.86
IDN,2021,,,,,,,,,,,,,,,,,,,,,,,,,,,,,,,,,,,139229.294118,,27574.871028,81.6
IDN,2022,,,,,,,,,,,,,,,,,,,,,,,,,,,,,,,,,,,142368.696089,,27795.65477,65.76
IDN,2023,,,,,,,,,,,,,,,,,,,,,,,,,,,,,,,,,,,144226.192692,,29726.102052,
IDN,2024,,,,,,,,,,,,,,,,,,,,,,,,,,,,,,,,,,,149098.116958,,,
IND,2011,,,,35.23,26.49,43.74,,,35.23,26.49,43.74,,,,,,,,,9.13,4.94,13.2,,,,,,,,,,,,,322692.165629,22080.272538,87048.97562,102.54
IND,2012,,,,,,,,,,,,,,,,,,,,,,,,,,,,,,,,,,,327492.084112,22362.532668,81989.202075,99.33
IND,2013,,,,,,,,,,,,,,,,,,,,,,,,,,,,,,,,,,,345734.950934,23742.672764,111396.81609,98.85
IND,2014,,,,53.14,43.13,62.76,,,52.75,42.64,62.47,,,2.35,1.17,3.49,,,,22.26,11.61,32.5,,,,,,,,,,,,,344986.613886,24817.967598,115140.92509,100.02
IND,2015,,,,,,,,,,,,,,,,,,,,,,,,,,,,,,,,,,,347227.644556,29027.407875,126492.12846,102.54
IND,2016,,,,,,,,,,,,,,,,,,,,,,,,,,,,,,,,,,,370830.647277,33847.001216,131844.37421,98.84
IND,2017,,,,,,,,,,,,,,,,,,,,,,,,,,,,,,,,,,,395327.428804,36665.838138,144301.16509,100.41
IND,2018,,,,,,,,,,,,,,,,,,,,,,,,,,,,,,,,,,,403615.333951,38561.245828,156983.89967,104.45
IND,2019,,,,,,,,,,,,,,,,,,,,,,,,,,,,,,,,,,,428479.286315,39406.351813,160981.73002,111.84
IND,2020,,,,,,,,,,,,,,,,,,,,,,,,,,,,,,,,,,,445642.855028,41019.770013,164078.3932,121.42
IND,2021,,,,,,,,,,,,,,,,,,,,,,,,,,,,,,,,,,,466245.617768,37782.682083,165431.14971,115.97
IND,2022,,,,,,,,,,,,,,,,,,,,,,,,,,,,,,,,,,,488191.174131,36951.063965,170748.05728,120.24
IND,2023,,,,,,,,,,,,,,,,,,,,,,,,,,,,,,,,,,,495223.446006,,198984.27664,
IND,2024,,,,,,,,,,,,,,,,,,,,,,,,,,,,,,,,,,,511822.147788,,,
KHM,2011,,,,3.66,3.71,3.6,,,3.66,3.71,3.6,,,,,,,,,2.95,3.17,2.69,,,,,,,,,,,,,4584.565098,,411.772325,9.28
KHM,2012,,,,,,,,,,,,,,,,,,,,,,,,,,,,,,,,,,,4779.782802,,591.808333,13.71
KHM,2013,,,,,,,,,,,,,,,,,,,,,,,,,,,,,,,,,,,4831.217196,,741.766174,12.45
KHM,2014,,,,22.17,20.5,24.29,,,12.56,10.68,14.94,,,13.29,12.8,13.92,,,,7.4,6.28,8.84,,,,,,,,,,,,,4859.563939,,970.962032,15.66
KHM,2015,,,,,,,,,,,,,,,,,,,,,,,,,,,,,,,,,,,4868.883116,,1223.686074,19.49
KHM,2016,,,,,,,,,,,,,,,,,,,,,,,,,,,,,,,,,,,4933.275905,,1458.662745,13.25
KHM,2017,,,,,,,,,,,,,,,,,,,,,,,,,,,,,,,,,,,5015.958915,,1625.968197,26.84
KHM,2018,,,,,,,,,,,,,,,,,,,,,,,,,,,,,,,,,,,5071.323626,,1679.807083,29.32
KHM,2019,,,,,,,,,,,,,,,,,,,,,,,,,,,,,,,,,,,5053.213841,,1706.541273,25.19
KHM,2020,,,,,,,,,,,,,,,,,,,,,,,,,,,,,,,,,,,5083.193751,,2142.095004,24.18
KHM,2021,,,,,,,,,,,,,,,,,,,,,,,,,,,,,,,,,,,5161.398779,,2758.956887,26.33
KHM,2022,,,,,,,,,,,,,,,,,,,,,,,,,,,,,,,,,,,5192.332352,,3218.642022,18.35
KHM,2023,,,,,,,,,,,,,,,,,,,,,,,,,,,,,,,,,,,5228.344376,,3878.954331,
KHM,2024,,,,,,,,,,,,,,,,,,,,,,,,,,,,,,,,,,,5360.91451,,,
LAO,2011,,,,26.77,26.16,27.44,,,26.77,26.16,27.44,,,,,,,,,8.31,8.35,8.27,,,,,,,,,,,,,2215.000116,,,6.28
LAO,2012,,,,,,,,,,,,,,,,,,,,,,,,,,,,,,,,,,,2287.46379,,,18.73
LAO,2013,,,,,,,,,,,,,,,,,,,,,,,,,,,,,,,,,,,2352.522092,,,12.63
LAO,2014,,,,,,,,,,,,,,,,,,,,,,,,,,,,,,,,,,,2450.135984,,,16.38
LAO,2015,,,,,,,,,,,,,,,,,,,,,,,,,,,,,,,,,,,2537.323504,392.554938,,16.17
LAO,2016,,,,,,,,,,,,,,,,,,,,,,,,,,,,,,,,,,,2607.324715,404.886376,,14.39
LAO,2017,,,,,,,,,,,,,,,,,,,,,,,,,,,,,,,,,,,2682.243273,422.818383,,14.96
LAO,2018,,,,,,,,,,,,,,,,,,,,,,,,,,,,,,,,,,,2716.240126,,,20.66
LAO,2019,,,,,,,,,,,,,,,,,,,,,,,,,,,,,,,,,,,2749.343195,,,25.81
LAO,2020,,,,,,,,,,,,,,,,,,,,,,,,,,,,,,,,,,,2781.116866,,,24.02
LAO,2021,,,,,,,,,,,,,,,,,,,,,,,,,,,,,,,,,,,2849.317379,,,24.0
LAO,2022,,,,,,,,,,,,,,,,,,,,,,,,,,,,,,,,,,,2944.827416,,,25.65
LAO,2023,,,,,,,,,,,,,,,,,,,,,,,,,,,,,,,,,,,3054.917715,,,
LAO,2024,,,,,,,,,,,,,,,,,,,,,,,,,,,,,,,,,,,3154.483804,,,
LKA,2011,,,,68.53,67.24,69.99,,,68.53,67.24,69.99,,,,,,,,,10.97,8.87,13.36,,,,,,,,,,,,,5790.597419,,2397.050485,91.43
LKA,2012,,,,,,,,,,,,,,,,,,,,,,,,,,,,,,,,,,,6101.468422,,2642.266624,71.42
LKA,2013,,,,,,,,,,,,,,,,,,,,,,,,,,,,,,,,,,,6348.31408,3171.299483,2356.497422,55.54
LKA,2014,,,,82.69,83.11,82.23,,,82.69,83.11,82.23,,,0.08,0.05,0.11,,,,24.94,22.29,27.89,,,,,,,,,,,,,6638.553948,4037.667248,2178.410129,99.06
LKA,2015,,,,,,,,,,,,,,,,,,,,,,,,,,,,,,,,,,,6995.980276,3163.942345,2274.083767,65.24
LKA,2016,,,,,,,,,,,,,,,,,,,,,,,,,,,,,,,,,,,6669.518637,3572.397535,2523.268402,50.99
LKA,2017,,,,,,,,,,,,,,,,,,,,,,,,,,,,,,,,,,,6547.749947,4000.667252,2729.273474,47.29
LKA,2018,,,,,,,,,,,,,,,,,,,,,,,,,,,,,,,,,,,6957.996721,4825.783267,2982.319289,29.02
LKA,2019,,,,,,,,,,,,,,,,,,,,,,,,,,,,,,,,,,,6989.572813,4780.258553,2878.355359,60.59
LKA,2020,,,,,,,,,,,,,,,,,,,,,,,,,,,,,,,,,,,6926.743997,4657.692927,2897.024634,100.88
LKA,2021,,,,,,,,,,,,,,,,,,,,,,,,,,,,,,,,,,,6996.684824,5002.367705,3008.142947,50.27
LKA,2022,,,,,,,,,,,,,,,,,,,,,,,,,,,,,,,,,,,6704.421448,,2357.807878,50.27
LKA,2023,,,,,,,,,,,,,,,,,,,,,,,,,,,,,,,,,,,6876.705651,,2026.217293,
LKA,2024,,,,,,,,,,,,,,,,,,,,,,,,,,,,,,,,,,,7061.665415,,,
MMR,2011,,,,,,,,,,,,,,,,,,,,,,,,,,,,,,,,,,,14953.11185,,,9.47
MMR,2012,,,,,,,,,,,,,,,,,,,,,,,,,,,,,,,,,,,15204.627144,,,10.7
MMR,2013,,,,,,,,,,,,,,,,,,,,,,,,,,,,,,,,,,,15758.154639,,,15.06
MMR,2014,,,,22.78,17.4,28.6,,,22.62,17.08,28.6,,,0.16,0.32,0.0,,,,1.7,0.93,2.54,,,,,,,,,,,,,16192.168765,,,19.15
MMR,2015,,,,,,,,,,,,,,,,,,,,,,,,,,,,,,,,,,,16744.004935,,,9.39
MMR,2016,,,,,,,,,,,,,,,,,,,,,,,,,,,,,,,,,,,16593.148864,,,12.01
MMR,2017,,,,,,,,,,,,,,,,,,,,,,,,,,,,,,,,,,,16775.861374,,,20.38
MMR,2018,,,,,,,,,,,,,,,,,,,,,,,,,,,,,,,,,,,13824.999175,,,21.55
MMR,2019,,,,,,,,,,,,,,,,,,,,,,,,,,,,,,,,,,,14047.58135,,,28.27
MMR,2020,,,,,,,,,,,,,,,,,,,,,,,,,,,,,,,,,,,14234.903002,,,37.8
MMR,2021,,,,,,,,,,,,,,,,,,,,,,,,,,,,,,,,,,,17991.349079,,,25.22
MMR,2022,,,,,,,,,,,,,,,,,,,,,,,,,,,,,,,,,,,18439.743716,,,7.76
MMR,2023,,,,,,,,,,,,,,,,,,,,,,,,,,,,,,,,,,,17915.490902,,,
MMR,2024,,,,,,,,,,,,,,,,,,,,,,,,,,,,,,,,,,,18599.290296,,,
MYS,2011,,,,66.17,63.1,69.22,,,66.17,63.1,69.22,,,,,,,,,27.97,24.8,31.11,,,,,,,,,,,,,23429.397637,6370.618863,5876.495451,97.45
MYS,2012,,,,,,,,,,,,,,,,,,,,,,,,,,,,,,,,,,,23654.550563,7227.174886,7568.054798,95.51
MYS,2013,,,,,,,,,,,,,,,,,,,,,,,,,,,,,,,,,,,24124.170357,7473.774805,8350.033173,71.43
MYS,2014,,,,80.67,78.09,83.01,,,80.67,78.09,83.01,,,2.83,2.55,3.08,,,,48.19,44.59,51.44,,,,,,,,,,,,,24618.131007,8835.646447,7986.966197,74.95
MYS,2015,,,,,,,,,,,,,,,,,,,,,,,,,,,,,,,,,,,24974.76283,7907.921974,9552.810008,64.97
MYS,2016,,,,,,,,,,,,,,,,,,,,,,,,,,,,,,,,,,,24062.844494,8255.100118,9120.51492,63.64
MYS,2017,,,,,,,,,,,,,,,,,,,,,,,,,,,,,,,,,,,25479.137447,8823.738589,8780.497719,57.56
MYS,2018,,,,,,,,,,,,,,,,,,,,,,,,,,,,,,,,,,,25511.96858,8756.684833,8452.882803,46.69
MYS,2019,,,,,,,,,,,,,,,,,,,,,,,,,,,,,,,,,,,26007.679723,8881.507353,8661.744116,33.67
MYS,2020,,,,,,,,,,,,,,,,,,,,,,,,,,,,,,,,,,,25376.774632,9471.978073,8261.9859,40.12
MYS,2021,,,,,,,,,,,,,,,,,,,,,,,,,,,,,,,,,,,25348.865275,10372.137156,8520.279732,55.39
MYS,2022,,,,,,,,,,,,,,,,,,,,,,,,,,,,,,,,,,,25367.556863,11212.527869,7914.684667,42.88
MYS,2023,,,,,,,,,,,,,,,,,,,,,,,,,,,,,,,,,,,25551.400148,,7735.950104,
MYS,2024,,,,,,,,,,,,,,,,,,,,,,,,,,,,,,,,,,,26278.947788,,,
NPL,2011,,,,25.31,21.22,29.56,,,25.31,21.22,29.56,,,,,,,,,4.07,2.02,6.2,,,,,,,,,,,,,5564.499596,,260.465435,23.49
NPL,2012,,,,,,,,,,,,,,,,,,,,,,,,,,,,,,,,,,,5858.858782,,289.493041,20.04
NPL,2013,,,,,,,,,,,,,,,,,,,,,,,,,,,,,,,,,,,5935.399816,,461.469809,34.62
NPL,2014,,,,33.8,31.27,36.72,,,33.8,31.27,36.72,,,0.34,0.28,0.4,,,,6.95,4.61,9.65,,,,,,,,,,,,,6201.70052,,518.951579,43.13
NPL,2015,,,,,,,,,,,,,,,,,,,,,,,,,,,,,,,,,,,6276.179453,,636.095645,47.8
NPL,2016,,,,,,,,,,,,,,,,,,,,,,,,,,,,,,,,,,,6270.885182,,718.113691,48.5
NPL,2017,,,,,,,,,,,,,,,,,,,,,,,,,,,,,,,,,,,6595.38812,,759.540243,42.57
NPL,2018,,,,,,,,,,,,,,,,,,,,,,,,,,,,,,,,,,,6767.48091,,952.762287,61.43
NPL,2019,,,,,,,,,,,,,,,,,,,,,,,,,,,,,,,,,,,7116.474198,,1249.175601,59.47
NPL,2020,,,,,,,,,,,,,,,,,,,,,,,,,,,,,,,,,,,7289.516945,,1459.195983,65.99
NPL,2021,,,,,,,,,,,,,,,,,,,,,,,,,,,,,,,,,,,7497.175192,,1977.78249,65.21
NPL,2022,,,,,,,,,,,,,,,,,,,,,,,,,,,,,,,,,,,7673.473279,,2276.405693,41.04
NPL,2023,,,,,,,,,,,,,,,,,,,,,,,,,,,,,,,,,,,7885.417917,,2428.847947,
NPL,2024,,,,,,,,,,,,,,,,,,,,,,,,,,,,,,,,,,,8125.107744,,,
PAK,2011,,,,10.31,2.95,17.28,,,10.31,2.95,17.28,,,,,,,,,3.17,1.34,4.9,,,,,,,,,,,,,62050.787035,,2341.513004,103.03
PAK,2012,,,,,,,,,,,,,,,,,,,,,,,,,,,,,,,,,,,64055.66239,,2463.996457,91.77
PAK,2013,,,,,,,,,,,,,,,,,,,,,,,,,,,,,,,,,,,66068.256402,,2609.601385,103.57
PAK,2014,,,,13.04,4.84,20.97,,,8.71,3.02,14.21,,,5.8,2.17,9.32,,,,3.03,0.45,5.53,,,,,,,,,,,,,67666.141434,,2757.234077,100.45
PAK,2015,,,,,,,,,,,,,,,,,,,,,,,,,,,,,,,,,,,68871.986217,,2959.450252,101.29
PAK,2016,,,,,,,,,,,,,,,,,,,,,,,,,,,,,,,,,,,69151.217218,7594.039259,2886.322586,101.97
PAK,2017,,,,,,,,,,,,,,,,,,,,,,,,,,,,,,,,,,,70683.805349,7963.673523,2891.20076,107.71
PAK,2018,,,,,,,,,,,,,,,,,,,,,,,,,,,,,,,,,,,73423.863929,8527.418892,2755.066159,107.87
PAK,2019,,,,,,,,,,,,,,,,,,,,,,,,,,,,,,,,,,,74113.430638,,2520.605054,112.09
PAK,2020,,,,,,,,,,,,,,,,,,,,,,,,,,,,,,,,,,,77014.675641,,2183.392885,111.57
PAK,2021,,,,,,,,,,,,,,,,,,,,,,,,,,,,,,,,,,,79723.014175,,2204.344836,119.78
PAK,2022,,,,,,,,,,,,,,,,,,,,,,,,,,,,,,,,,,,83137.522749,,1958.215837,118.49
PAK,2023,,,,,,,,,,,,,,,,,,,,,,,,,,,,,,,,,,,85009.538586,,1990.517715,
PAK,2024,,,,,,,,,,,,,,,,,,,,,,,,,,,,,,,,,,,87801.342358,,,
PHL,2011,,,,26.56,33.71,19.0,,,26.56,33.71,19.0,,,,,,,,,14.77,18.5,10.83,,,,,,,,,,,,,30948.138543,,5353.086281,48.18
PHL,2012,,,,,,,,,,,,,,,,,,,,,,,,,,,,,,,,,,,31901.325356,,4741.868421,43.0
PHL,2013,,,,,,,,,,,,,,,,,,,,,,,,,,,,,,,,,,,32837.025179,,4867.560176,48.09
PHL,2014,,,,31.29,37.85,24.4,,,28.07,33.88,21.97,,,4.23,4.92,3.49,,,,21.08,26.02,15.91,,,,,,,,,,,,,33452.067246,,4693.996686,54.15
PHL,2015,,,,,,,,,,,,,,,,,,,,,,,,,,,,,,,,,,,33698.314258,,4473.090551,47.78
PHL,2016,,,,,,,,,,,,,,,,,,,,,,,,,,,,,,,,,,,33373.799043,,5128.543744,56.81
PHL,2017,,,,,,,,,,,,,,,,,,,,,,,,,,,,,,,,,,,34791.900071,,4388.024776,68.65
PHL,2018,,,,,,,,,,,,,,,,,,,,,,,,,,,,,,,,,,,35180.752982,,4832.360429,58.46
PHL,2019,,,,,,,,,,,,,,,,,,,,,,,,,,,,,,,,,,,35604.663529,,5464.133167,63.72
PHL,2020,,,,,,,,,,,,,,,,,,,,,,,,,,,,,,,,,,,35535.512557,,5121.116622,67.25
PHL,2021,,,,,,,,,,,,,,,,,,,,,,,,,,,,,,,,,,,35432.117978,,4758.80567,64.02
PHL,2022,,,,,,,,,,,,,,,,,,,,,,,,,,,,,,,,,,,35602.258586,,4751.810236,71.45
PHL,2023,,,,,,,,,,,,,,,,,,,,,,,,,,,,,,,,,,,36024.846785,,5008.306692,
PHL,2024,,,,,,,,,,,,,,,,,,,,,,,,,,,,,,,,,,,36964.893337,,,
SGP,2011,,,,98.22,98.21,98.23,,,98.22,98.21,98.23,,,,,,,,,48.9,47.96,49.87,,,,,,,,,,,,,90.33877,2443.282971,1286.627537,62.57
SGP,2012,,,,,,,,,,,,,,,,,,,,,,,,,,,,,,,,,,,94.266543,2664.740385,1566.613095,63.95
SGP,2013,,,,,,,,,,,,,,,,,,,,,,,,,,,,,,,,,,,97.612423,2740.873507,3668.172241,69.68
SGP,2014,,,,96.35,96.07,96.64,,,96.35,96.07,96.64,,,6.15,5.19,7.14,,,,89.99,89.32,90.68,,,,,,,,,,,,,100.812831,3144.728433,4150.387466,64.77
SGP,2015,,,,,,,,,,,,,,,,,,,,,,,,,,,,,,,,,,,100.449148,3038.381988,4081.683123,61.05
SGP,2016,,,,,,,,,,,,,,,,,,,,,,,,,,,,,,,,,,,100.012729,3118.194503,4223.760934,62.1
SGP,2017,,,,,,,,,,,,,,,,,,,,,,,,,,,,,,,,,,,102.92219,3217.10084,2613.456072,64.98
SGP,2018,,,,,,,,,,,,,,,,,,,,,,,,,,,,,,,,,,,106.122597,2697.536987,2158.007057,64.15
SGP,2019,,,,,,,,,,,,,,,,,,,,,,,,,,,,,,,,,,,113.468987,3209.088391,1566.079168,58.03
SGP,2020,,,,,,,,,,,,,,,,,,,,,,,,,,,,,,,,,,,108.668376,3224.17338,1618.717809,65.86
SGP,2021,,,,,,,,,,,,,,,,,,,,,,,,,,,,,,,,,,,120.96085,2972.232989,1320.518016,65.15
SGP,2022,,,,,,,,,,,,,,,,,,,,,,,,,,,,,,,,,,,111.72331,3052.484111,859.549465,65.15
SGP,2023,,,,,,,,,,,,,,,,,,,,,,,,,,,,,,,,,,,114.632771,,1086.359599,
SGP,2024,,,,,,,,,,,,,,,,,,,,,,,,,,,,,,,,,,,110.629303,,,
THA,2011,,,,72.67,72.64,72.7,,,72.67,72.64,72.7,,,,,,,,,43.43,44.98,41.62,,,,,,,,,,,,,36912.385131,,2582.197335,72.15
THA,2012,,,,,,,,,,,,,,,,,,,,,,,,,,,,,,,,,,,37910.924976,,2799.5723,73.53
THA,2013,,,,,,,,,,,,,,,,,,,,,,,,,,,,,,,,,,,38177.383414,,2950.828006,74.64
THA,2014,,,,78.14,75.44,81.24,,,78.14,75.44,81.24,,,1.3,1.73,0.81,,,,55.16,52.34,58.41,,,,,,,,,,,,,38067.481594,,2945.662436,70.02
THA,2015,,,,,,,,,,,,,,,,,,,,,,,,,,,,,,,,,,,35605.877375,,3186.168616,57.42
THA,2016,,,,,,,,,,,,,,,,,,,,,,,,,,,,,,,,,,,35193.615469,21453.158643,2943.738197,67.22
THA,2017,,,,,,,,,,,,,,,,,,,,,,,,,,,,,,,,,,,36890.589767,22688.365747,2931.845304,78.32
THA,2018,,,,,,,,,,,,,,,,,,,,,,,,,,,,,,,,,,,39139.732549,23474.030914,2798.121642,64.54
THA,2019,,,,,,,,,,,,,,,,,,,,,,,,,,,,,,,,,,,38756.145711,,2646.421083,56.77
THA,2020,,,,,,,,,,,,,,,,,,,,,,,,,,,,,,,,,,,37531.847523,,2633.474572,64.6
THA,2021,,,,,,,,,,,,,,,,,,,,,,,,,,,,,,,,,,,38374.582315,,2621.825367,62.47
THA,2022,,,,,,,,,,,,,,,,,,,,,,,,,,,,,,,,,,,39328.837681,,2304.889515,50.75
THA,2023,,,,,,,,,,,,,,,,,,,,,,,,,,,,,,,,,,,40089.362905,,2286.76235,
THA,2024,,,,,,,,,,,,,,,,,,,,,,,,,,,,,,,,,,,41187.041423,,,
VNM,2011,,,,21.37,18.91,24.0,,,21.37,18.91,24.0,,,,,,,,,14.96,13.82,16.18,,,,,,,,,,,,,31036.897289,,,97.71
VNM,2012,,,,,,,,,,,,,,,,,,,,,,,,,,,,,,,,,,,31928.113868,,14556.258334,116.83
VNM,2013,,,,,,,,,,,,,,,,,,,,,,,,,,,,,,,,,,,32736.295163,,17197.491824,159.47
VNM,2014,,,,30.95,32.03,29.82,,,30.86,31.86,29.82,,,0.5,0.52,0.48,,,,26.75,29.02,24.37,,,,,,,,,,,,,33784.990148,,17719.011725,133.3
VNM,2015,,,,,,,,,,,,,,,,,,,,,,,,,,,,,,,,,,,34631.987894,,21453.049979,147.38
VNM,2016,,,,,,,,,,,,,,,,,,,,,,,,,,,,,,,,,,,35204.72227,,25150.76505,134.34
VNM,2017,,,,,,,,,,,,,,,,,,,,,,,,,,,,,,,,,,,36320.143975,,27620.806984,135.62
VNM,2018,,,,,,,,,,,,,,,,,,,,,,,,,,,,,,,,,,,37814.879024,,27916.276972,136.79
VNM,2019,,,,,,,,,,,,,,,,,,,,,,,,,,,,,,,,,,,38823.440399,,29267.537374,133.9
VNM,2020,,,,,,,,,,,,,,,,,,,,,,,,,,,,,,,,,,,40003.447238,,31239.896838,134.22
VNM,2021,,,,,,,,,,,,,,,,,,,,,,,,,,,,,,,,,,,41487.876695,,32330.258209,134.22
VNM,2022,,,,,,,,,,,,,,,,,,,,,,,,,,,,,,,,,,,42929.848992,,33596.814589,151.18
VNM,2023,,,,,,,,,,,,,,,,,,,,,,,,,,,,,,,,,,,44575.545774,,35260.333031,
VNM,2024,,,,,,,,,,,,,,,,,,,,,,,,,,,,,,,,,,,46084.646862,,,
