country,Year,"Owns a debit or credit card, male (% age 15+)"
BGD,2022,
BGD,2021,7.61
BGD,2017,8.75
BGD,2014,7.83
BGD,2011,4.06
BTN,2022,
BTN,2021,
BTN,2017,
BTN,2014,19.36
BTN,2011,
IDN,2022,
IDN,2021,33.74
IDN,2017,29.1
IDN,2014,25.62
IDN,2011,11.88
IND,2022,
IND,2021,35.38
IND,2017,43.44
IND,2014,32.5
IND,2011,13.2
KHM,2022,
KHM,2021,18.98
KHM,2017,8.31
KHM,2014,8.84
KHM,2011,2.69
LAO,2022,
LAO,2021,24.54
LAO,2017,11.93
LAO,2014,
LAO,2011,8.27
LKA,2022,
LKA,2021,61.89
LKA,2017,34.07
LKA,2014,27.89
LKA,2011,13.36
MMR,2022,
MMR,2021,25.11
MMR,2017,5.69
MMR,2014,2.54
MMR,2011,
MYS,2022,
MYS,2021,84.51
MYS,2017,81.53
MYS,2014,51.44
MYS,2011,31.11
NPL,2022,
NPL,2021,17.39
NPL,2017,12.9
NPL,2014,9.65
NPL,2011,6.2
